"applicationno","documenttype","filestoreid","id"
"BP-BAM-2022-06-14-004717","BPD.BPL.BPL","3d334d0f-4798-491b-b659-df21a99e0d0f","0caab3ff-32e1-4e51-850d-b0f97afaadb7"
"BP-BAM-2022-06-14-004717","BPD.BPL.BPL","913ff3af-15d8-4bb4-a9f7-6a64a438addb","5c6f098f-01c4-4d66-9b4d-8fa0134be98b"
"BP-BAM-2022-06-14-004717","BPD.BPL.BPL","10631441-14fd-4778-82bf-9c2ffd5ff645","1fb1439e-ef34-4e49-8fcf-3fb8255166ba"
"BP-BAM-2022-06-14-004717","BPD.SITEPHOTO.SITEPHOTO","86df79ac-c016-4b87-b5d2-27e40641f142","77dee2dc-a80e-4652-9650-683511004d21"
"BP-BAM-2022-06-14-004717","APPL.SALEGIFTDEED.SALEGIFTDEED","dddb7f2c-7cc9-4e77-812e-a7d51bebe7a5","779c3661-c39e-4035-b98e-0f169df35d2c"
"BP-BAM-2022-06-14-004717","APPL.ROR.ROR","06e54bb4-9e6b-4d45-affd-3ab1f09bb2eb","54c3f3e0-a5d1-4772-8cd6-84963725dd7f"
"BP-BAM-2022-06-14-004717","APPL.OWNERIDPROOF.DRIVINGLICENSE","30d2e91a-47b8-4bc3-9205-683f39b0c13e","55911a53-f5bf-4195-b97c-517830a01465"
"BP-BAM-2022-06-14-004717","BPD.BPL.BPL","913ff3af-15d8-4bb4-a9f7-6a64a438addb","378f7c11-f75b-4a56-9541-e0647ca2110f"
"BP-BAM-2022-06-14-004717","BPD.BPL.BPL","10631441-14fd-4778-82bf-9c2ffd5ff645","b93f255f-4e19-4d0f-979e-979dee5545e4"
"BP-BAM-2022-06-14-004717","BPD.SP.SP","613dc7d5-6400-4c6b-b5ce-4be4d64a08de","45eaa6a6-ab11-45c9-b0bf-b2f1a16cf9f9"
"BP-BAM-2022-06-14-004717","BPD.MATSPEC.MATSPEC","e72f0138-ad21-456e-8dc4-fc3c7f16bbc8","a87d45a2-2a88-464c-b8bc-661d6ee0d243"
"BP-BAM-2022-06-14-004717","BPD.LP.LP","4c82d2b2-9ea4-4eab-b444-9abd9a0839d8","6b7d8974-4e6a-44de-be0e-4c86fd89f208"
"BP-BAM-2022-06-14-004717","APPL.LANDPOSSAFFI.LANDPOSSAFFI","67fcf60c-b4c4-4fc5-87d7-7aa180c94787","fea90ea7-1caf-4bdb-98f8-fcb87997ccac"
"BP-BAM-2022-06-14-004717","APPL.IDENTITYPROOF.DRIVINGLICENSE","b289546a-56e1-4cc7-a6d1-b985c254e95d","d77bd79a-4c27-43b4-bed9-d08b24347e68"
"BP-BAM-2022-06-14-004717","BPD.SITEPHOTO.SITEPHOTO","ee271896-e670-4a78-ba8f-51ccbbe05a3d","cfdd5375-4fbf-485b-9705-08b64b84261e"
"BP-BAM-2022-06-14-004717","BPD.SITEPHOTO.SITEPHOTO","bb14cc9c-34f1-4ccc-88cc-4fe36b4fbd1a","266f5a23-39b4-4f09-bb83-1cc025b7d17e"
"BP-BDA-2022-05-29-003842","BPD.SITEPHOTO.SITEPHOTO","83650503-4b89-491d-a865-b7956dcc1931","d49f4ef9-8202-4ba7-acce-ee0777ec0e5a"
"BP-BDA-2022-05-29-003842","BPD.SITEPHOTO.SITEPHOTO","22a34ed0-b066-4832-adca-d058b5ab8f3c","c179d3c1-0116-4543-8ed3-0bbe0bc50fb4"
"BP-BDA-2022-05-29-003842","BPD.SITEPHOTO.SITEPHOTO","81fb06c2-ba9f-4397-86db-473e930c117c","21be8f1d-8055-4736-ab49-fa9e77526fd1"
"BP-BDA-2022-05-29-003842","BPD.SITEPHOTO.SITEPHOTO","0bd84a93-882b-4bcb-a27e-f71f48eba561","331695b3-21bc-47f5-b1f3-d4921b4f87da"
"BP-BDA-2022-05-29-003842","BPD.BPL.BPL","b7117126-f8fc-4eb1-a94a-47a076f3b6a2","f90cb0f4-135f-4066-9186-2146d482e044"
"BP-BDA-2022-05-29-003842","APPL.LANDPOSSAFFI.LANDPOSSAFFI","ec9aa590-afa2-44c6-a782-9959e7dca1d0","9b18e004-4f23-4d16-95b4-bfab560f2822"
"BP-BDA-2022-05-29-003842","APPL.REVSITEPLAN.REVSITEPLAN","b58534b4-ebc0-4a66-8f14-e99bb53fb204","78ee1c1a-1070-43f8-8aae-68e91746948b"
"BP-BDA-2022-05-29-003842","APPL.SALEGIFTDEED.SALEGIFTDEED","49a72e4a-62e5-44e9-bae1-4da4f4264b7b","f96a37c8-8fb9-4d20-9382-fa81d9615d3a"
"BP-BDA-2022-05-29-003842","APPL.ROR.ROR","2d270fdf-2cb5-4288-a438-bb70031cadf0","0e19d106-4617-4067-9995-a7eecbe5e909"
"BP-BDA-2022-05-29-003842","APPL.IDENTITYPROOF.DRIVINGLICENSE","be225f35-f824-4328-a527-3f1ec272f1c7","e2a4d1b9-5baf-4946-94c7-2b70223c842a"
"BP-BDA-2022-05-29-003842","BPD.SSTABCERT.SSTABCERT","73a06a71-7461-4c3d-bb4a-71705337dccd","262ee0a9-263f-430d-9252-e3286be6fa86"
"BP-BDA-2022-05-29-003842","BPD.SSUPCERT.SSUPCERT","bb32691d-db8a-48d2-97c9-cbe0e0e4744a","3c7f6bd5-1783-4d7f-b339-a7f2b5a2a3d7"
"BP-BDA-2022-05-29-003842","BPD.SITEPHOTO.SITEPHOTO","83650503-4b89-491d-a865-b7956dcc1931","864f1183-bc22-4808-bb1b-4a38982b404e"
"BP-BDA-2022-05-29-003842","BPD.SITEPHOTO.SITEPHOTO","22a34ed0-b066-4832-adca-d058b5ab8f3c","0c17fafd-4b14-40b6-baf0-b1796e97d039"
"BP-BDA-2022-05-29-003842","BPD.SITEPHOTO.SITEPHOTO","81fb06c2-ba9f-4397-86db-473e930c117c","5753b9b1-e087-4212-a6a8-ea9eb5e98963"
"BP-BDA-2022-05-29-003842","BPD.SITEPHOTO.SITEPHOTO","0bd84a93-882b-4bcb-a27e-f71f48eba561","ace72c15-f913-407b-8f38-8801ad38382e"
"BP-BDA-2022-05-29-003842","BPD.SSTABCERT.SSTABCERT","73a06a71-7461-4c3d-bb4a-71705337dccd","c326aa25-2943-431f-a269-b11461d1a7eb"
"BP-BDA-2022-05-29-003842","BPD.SSUPCERT.SSUPCERT","bb32691d-db8a-48d2-97c9-cbe0e0e4744a","069dcbe0-aa71-4a72-9353-fa8a17a76a76"
"BP-BDA-2022-05-30-003858","BPD.BPL.BPL","b8b51cc4-68df-4201-9712-61c11f96d3f5","0d52af68-7d2e-4ac3-9033-0a7256cc7937"
"BP-BDA-2022-05-30-003858","APPL.OWNERIDPROOF.DRIVINGLICENSE","7f0e6a08-df32-4e14-b9fe-04f7ec680853","d8e23cab-4d13-4b82-8ad4-c31c7354a369"
"BP-BDA-2022-05-30-003858","APPL.ROR.ROR","1fa67e49-1fa0-4cc4-a0c9-6941f2a73844","3895ff86-8029-4079-9cc6-4e5ec6df24ef"
"BP-BDA-2022-05-30-003858","APPL.SALEGIFTDEED.SALEGIFTDEED","f8415789-64fb-4bd7-a753-c3d05a7faa90","19c25983-e116-4505-bf69-aed588b3894c"
"BP-BDA-2022-05-30-003858","APPL.REVSITEPLAN.REVSITEPLAN","742e706b-81b4-45a4-9f4c-64f8f26e167b","00669316-16cf-4c76-8256-24eaca6353ea"
"BP-BDA-2022-05-30-003858","APPL.OTHERDOCUMENT","bf216d2b-f6d3-4917-abcf-c8ea5d51d5de","dbd91d1f-fb22-474b-9101-7ccaa6ac4bca"
"BP-BDA-2022-05-30-003858","APPL.OTHERDOCUMENT","7b09e0de-3694-4e7f-8cf0-d487c2551f49","9c0d0283-3f4f-44ff-b235-70bc5a7ab289"
"BP-BDA-2022-05-30-003858","BPD.BPL.BPL","b8b51cc4-68df-4201-9712-61c11f96d3f5","69615754-723d-44ea-858f-ca92fc2fd06c"
"BP-BDA-2022-05-30-003858","BPD.SP.SP","e271f417-2146-4466-8c34-462f1551a64e","f2636542-e7af-4b05-adaf-31c42678208b"
"BP-BDA-2022-05-30-003858","APPL.IDENTITYPROOF.DRIVINGLICENSE","b6403345-69c9-4f55-81a9-1ce892698220","894c155a-f326-49c6-aa27-95b528e2478c"
"BP-BDA-2022-05-30-003858","BPD.LP.LP","334bbd2f-8b5c-470e-b298-3e95050e63fd","0dc84bfe-b6a0-4a15-9281-cf5462ae1ad1"
"BP-BDA-2022-05-30-003858","APPL.LANDPOSSAFFI.LANDPOSSAFFI","d554d15b-f24c-4a7f-97b2-b768496953a0","fe281602-88a7-4cf1-953a-5a6d6b7aea67"
"BP-BDA-2022-05-30-003858","BPD.MATSPEC.MATSPEC","f8bdf774-912a-454f-8785-94058f35f241","6a183a87-fffc-4e5e-9135-bcc8ecbccc65"
"BP-BDA-2022-05-30-003858","BPD.SITEPHOTO.SITEPHOTO","47ad2e43-ebf7-41f0-ace8-86cd3bf0da6e","6d5e5e1d-8aad-4b48-aebd-e5dcfdfb4928"
"BP-BDA-2022-05-30-003858","BPD.SSUPCERT.SSUPCERT","41d28c74-6f2c-44d0-80bb-b89de6a53f76","4d5d686e-b2a7-4388-9c5e-34ad3e49fcb5"
"BP-BDA-2022-05-30-003858","BPD.SSTABCERT.SSTABCERT","82fef895-bdc3-462f-a2ee-ce65b4f5c6c9","b0735922-d387-4829-91fe-952a06c037ce"
"BP-BDA-2022-05-30-003858","APPL.OWNERIDPROOF.DRIVINGLICENSE","7f0e6a08-df32-4e14-b9fe-04f7ec680853","c21174d8-c3c3-4a7d-8a94-7faac1350805"
"BP-BDA-2022-05-30-003858","APPL.IDENTITYPROOF.DRIVINGLICENSE","b6403345-69c9-4f55-81a9-1ce892698220","00fc57ff-6ec1-4013-8f8e-95f82b3c638e"
"BP-BDA-2022-05-30-003858","APPL.ROR.ROR","1fa67e49-1fa0-4cc4-a0c9-6941f2a73844","ca26edf6-3001-48ea-a72d-87cdaeb23a38"
"BP-BDA-2022-05-30-003858","APPL.SALEGIFTDEED.SALEGIFTDEED","f8415789-64fb-4bd7-a753-c3d05a7faa90","bc6bd47b-f0ad-41ee-b94d-dacdf855a1fa"
"BP-BDA-2022-05-30-003858","APPL.REVSITEPLAN.REVSITEPLAN","742e706b-81b4-45a4-9f4c-64f8f26e167b","e1a27dbb-5bf2-43cd-88c7-b9d3841dcc71"
"BP-BDA-2022-05-30-003858","APPL.OTHERDOCUMENT","bf216d2b-f6d3-4917-abcf-c8ea5d51d5de","521da042-e3b0-4b80-ae52-72af2cd44b19"
"BP-BDA-2022-05-30-003858","APPL.OTHERDOCUMENT","7b09e0de-3694-4e7f-8cf0-d487c2551f49","b560554f-2e54-4075-8467-65aaa5752785"
"BP-BDA-2022-05-30-003858","BPD.SP.SP","e271f417-2146-4466-8c34-462f1551a64e","7b2cb3b2-f83a-4d7d-9cf0-d9fdd90b21f1"
"BP-BDA-2022-05-30-003858","BPD.LP.LP","334bbd2f-8b5c-470e-b298-3e95050e63fd","1f66a0a3-dc17-42e2-90ff-5c870b2486c3"
"BP-BDA-2022-05-30-003858","BPD.MATSPEC.MATSPEC","f8bdf774-912a-454f-8785-94058f35f241","d8004850-76d9-475a-85d9-226430015c4b"
"BP-BDA-2022-05-30-003858","BPD.SITEPHOTO.SITEPHOTO","47ad2e43-ebf7-41f0-ace8-86cd3bf0da6e","c1a1633f-c08b-4d6a-99b7-c05425f14c52"
"BP-BDA-2022-05-30-003858","BPD.SSUPCERT.SSUPCERT","41d28c74-6f2c-44d0-80bb-b89de6a53f76","29ddc4de-e367-43ca-b6eb-1b703d7c77a0"
"BP-BDA-2022-05-30-003858","BPD.SSTABCERT.SSTABCERT","82fef895-bdc3-462f-a2ee-ce65b4f5c6c9","bacffa8f-958b-423c-9086-051c306ee00e"
"BP-CTC-2022-06-16-004768","APPL.IDENTITYPROOF.DRIVINGLICENSE","02af2600-d358-4965-88d0-ce032b1ea629","488d3bfe-6fa2-4310-8afd-83851d8d16f3"
"BP-CTC-2022-06-16-004768","APPL.LANDPOSSAFFI.LANDPOSSAFFI","2303c7b8-2d09-4e2a-80af-93af5345601a","97b4bc20-7fc6-4620-8df5-ed6b7a14639a"
"BP-CTC-2022-06-16-004768","APPL.REVSITEPLAN.REVSITEPLAN","50eb7eb3-5949-46b1-b6ab-614aed0673f1","a2d4ab76-1959-4742-9172-712f02fb0d47"
"BP-CTC-2022-06-16-004768","APPL.LANDPOSSAFFI.LANDPOSSAFFI","2303c7b8-2d09-4e2a-80af-93af5345601a","92b686a8-ce7f-4c3d-add0-b4ceeebbab6e"
"BP-CTC-2022-06-16-004768","APPL.SALEGIFTDEED.SALEGIFTDEED","790860ae-3a4a-49cd-a897-276ee588d408","633215a0-60f4-49cc-b586-b46e23069b5e"
"BP-CTC-2022-06-16-004768","APPL.ROR.ROR","ceee650d-2d25-41c7-9509-5b3e731588fd","a91626a1-8120-4ad1-8b1a-3c3b935b7047"
"BP-CTC-2022-06-16-004768","BPD.SSUPCERT.SSUPCERT","4bb89ab5-78d0-4795-b8a1-26fd51b5e30e","c181da42-e9ae-40b0-9e11-8af4e4b45b86"
"BP-CTC-2022-06-16-004768","APPL.OTHERDOCUMENT","08caf9ef-ca84-4343-b36d-4fb0572d0a90","152bb0c3-097c-4b42-9bb8-351369eea2c1"
"BP-CTC-2022-06-16-004768","BPD.BPL.BPL","7d751e6e-d9c0-425f-abfc-f2793c5ee00c","c3bc8bee-493b-4b21-8ce2-afea2d9ea9f6"
"BP-CTC-2022-06-16-004768","APPL.OTHERDOCUMENT","08caf9ef-ca84-4343-b36d-4fb0572d0a90","a073b3f2-7c11-485c-a715-fb89a060ddc7"
"BP-CTC-2022-06-16-004768","APPL.OWNERIDPROOF.DRIVINGLICENSE","274ab7c5-397b-4a71-b905-2c6457658c86","649141f0-2d1a-434e-a18a-e38c37d2031c"
"BP-SMB-2022-02-07-000722","APPL.OWNERIDPROOF.DRIVINGLICENSE","1009e25d-82d1-4508-af91-ae162afdde58","22950922-c0d2-4320-8074-2b59f4b10d4b"
"BP-SMB-2022-02-07-000722","APPL.IDENTITYPROOF.DRIVINGLICENSE","1d7ceb72-44bb-4041-8f2e-c7cf72aae581","07977053-8d4f-433b-96d9-4fffc46d9ef3"
"BP-SMB-2022-02-07-000722","ADDL.REGULARISATIONANNEXUREI.REGULARISATIONANNEXUREI","5ecc6fb1-fcc2-4af2-a82a-c34b351d6229","bf309797-b884-415f-8685-84242a2886cd"
"BP-SMB-2022-02-07-000722","ADDL.BENCHMARKCERTIFICATE.BENCHMARKCERTIFICATE","920e3d62-9137-4a1f-a559-4e481685d9ac","05d12dcf-dcec-452b-a40b-03ce12e27fa1"
"BP-SMB-2022-02-07-000722","BPD.SSUPCERT.SSUPCERT","0fa0c07a-bd12-4785-954a-008fb530889b","62b1ce11-9838-47af-9b44-48f2c807b909"
"BP-SMB-2022-02-07-000722","APPL.IDENTITYPROOF.DRIVINGLICENSE","1d7ceb72-44bb-4041-8f2e-c7cf72aae581","0d395f56-c8f1-4bde-900a-a25846d4d064"
"BP-SMB-2022-02-07-000722","APPL.SALEGIFTDEED.SALEGIFTDEED","89f70144-4d84-4b4f-a060-3038522bd8ef","8db4794e-f57c-44af-8b85-8a843b9e1b95"
"BP-SMB-2022-02-07-000722","BPD.SITEPHOTO.SITEPHOTO","5d1e6386-a590-4204-87e9-760bfe0cfeb2","70665d9a-4073-4358-8544-76a746f01ace"
"BP-SMB-2022-02-07-000722","BPD.LP.LP","60db9494-26dc-4c91-92f1-359c81a09602","6e01dfe3-13d6-4b82-b516-299a5ea654ec"
"BP-SMB-2022-02-07-000722","BPD.SP.SP","9c8b2175-8ee1-41a4-a7e2-44028edfc060","74a64fe4-4983-4bec-9b8c-52d9accf8ca0"
"BP-SMB-2022-02-07-000722","BPD.BPL.BPL","e3dfea93-4802-4338-8673-f7f16c92f5e5","91e85b4b-1328-4883-a61c-82b5dd3e0f24"
"BP-SMB-2022-02-07-000722","APPL.LANDPOSSAFFI.LANDPOSSAFFI","aeeb38f9-d5d3-46f3-9919-0281a6fa63fa","6c7ea770-0aea-4946-8632-a6a1f929db69"
"BP-SMB-2022-02-07-000722","APPL.REVSITEPLAN.REVSITEPLAN","0b10b587-3034-42f9-9172-ae569e5640e8","f865e032-a992-463b-82b0-a44bc14b1589"
"BP-SMB-2022-02-07-000722","ADDL.REGULARISATIONANNEXUREI.REGULARISATIONANNEXUREI","5ecc6fb1-fcc2-4af2-a82a-c34b351d6229","390014ed-9a21-4ed5-baa9-e3c0fc0dbfd5"
"BP-SMB-2022-02-07-000722","ADDL.BENCHMARKCERTIFICATE.BENCHMARKCERTIFICATE","920e3d62-9137-4a1f-a559-4e481685d9ac","2346f61b-0d76-4f82-a160-8e2dd4f25e94"
"BP-SMB-2022-02-07-000722","BPD.SSUPCERT.SSUPCERT","0fa0c07a-bd12-4785-954a-008fb530889b","528b875d-25d1-498f-ac0f-6680b9208e91"
"BP-SMB-2022-02-07-000722","BPD.SITEPHOTO.SITEPHOTO","5d1e6386-a590-4204-87e9-760bfe0cfeb2","eb426133-c7c3-4b15-8f58-05b1d48ebcb7"
"BP-SMB-2022-02-07-000722","APPL.ROR.ROR","96d11d42-c1a4-47b2-8510-aaa7cacdd949","11086e91-66ec-444d-8bf8-711facbd9773"
"BP-SMB-2022-02-07-000722","APPL.OWNERIDPROOF.DRIVINGLICENSE","1009e25d-82d1-4508-af91-ae162afdde58","e8a2c2b4-b75d-4fc3-8db3-7a42967b37b5"
"BP-SMB-2022-02-07-000722","BPD.LP.LP","60db9494-26dc-4c91-92f1-359c81a09602","1698d95b-c7ea-44cc-b70f-d85b66c8530f"
"BP-SMB-2022-02-07-000722","BPD.SP.SP","9c8b2175-8ee1-41a4-a7e2-44028edfc060","d2d5bf3b-a0bb-4a43-8138-5b520f358453"
"BP-SMB-2022-02-07-000722","BPD.BPL.BPL","e3dfea93-4802-4338-8673-f7f16c92f5e5","e8a45868-d002-41bc-8360-95327cae630d"
"BP-SMB-2022-02-07-000722","APPL.LANDPOSSAFFI.LANDPOSSAFFI","aeeb38f9-d5d3-46f3-9919-0281a6fa63fa","1d647145-1d0a-4cdf-9f42-4d721282fbf8"
"BP-SMB-2022-02-07-000722","APPL.REVSITEPLAN.REVSITEPLAN","0b10b587-3034-42f9-9172-ae569e5640e8","7ea6c13e-53b6-4df2-bd80-985f2a34305d"
"BP-SMB-2022-02-07-000722","APPL.SALEGIFTDEED.SALEGIFTDEED","bee9f18b-49b9-4a62-b4dd-3bb7c3f442e7","85b7be43-8b13-476d-acdd-ba66fb0c70f0"
"BP-SMB-2022-02-07-000722","APPL.ROR.ROR","96d11d42-c1a4-47b2-8510-aaa7cacdd949","6c01d048-45e1-408d-b533-85291461d223"
"BP-VSN-2022-04-27-002938","BPD.BPL.BPL","403148b3-04fb-4d35-af0e-ff3ea9184dde","dbdc0d43-db99-4405-be8a-145c07249de7"
"BP-VSN-2022-04-27-002938","APPL.ROR.ROR","b864347c-7552-4bfd-b017-48412dc4976a","7bd91af4-0b51-4d58-b676-6558a4fe8999"
"BP-VSN-2022-04-27-002938","APPL.ROR.ROR","b864347c-7552-4bfd-b017-48412dc4976a","993dc226-35d5-4d6f-8ca3-2797db95f783"
"BP-VSN-2022-04-27-002938","ADDL.APPROVEDLAYOUT.APPROVEDLAYOUT","8ecf2152-2069-4599-9113-36eeda250c3d","9c609b55-bbd4-4514-9294-ddc35e52992d"
"BP-VSN-2022-04-27-002938","APPL.ROR.ROR","f6c1b468-86fb-4089-a80f-95a6aae658fe","99fb0865-7181-4ed5-b1e8-946640f5def3"
"BP-VSN-2022-04-27-002938","APPL.SALEGIFTDEED.SALEGIFTDEED","a675ed93-816b-4b5e-8163-9bf0d8bc4627","fcde6062-af82-499b-a6eb-6d1738e7e69e"
"BP-VSN-2022-04-27-002938","BPD.BPL.BPL","5a3d64f0-ddc8-4a6c-9120-411a9e990029","b60766dc-3c8b-4d65-a8ce-0efab19836b0"
"BP-VSN-2022-04-27-002938","BPD.SP.SP","019de94e-d60d-4003-b13d-866994e0d00f","5e36cba5-2f50-497c-aeda-ca1d153163e6"
"BP-VSN-2022-04-27-002938","BPD.BPL.BPL","403148b3-04fb-4d35-af0e-ff3ea9184dde","bf893af4-ed2a-4c75-bceb-30cfb5e796ea"
"BP-VSN-2022-04-27-002938","BPD.SITEPHOTO.SITEPHOTO","b1f8dc73-2cbc-4e58-a056-880c37024cb7","23c4947c-ac35-4f52-af59-295a2207eb03"
"BP-VSN-2022-04-27-002938","BPD.MATSPEC.MATSPEC","c9904e6d-be40-4384-9d37-adca27e754f4","2b3839b8-9ef9-41e3-89ad-507c533fa307"
"BP-VSN-2022-04-27-002938","BPD.LP.LP","bd9416eb-17d3-4283-9885-0379fcfb9a41","8f6e91b4-e78f-4991-9eba-98074d8bc164"
"BP-VSN-2022-04-27-002938","BPD.SSUPCERT.SSUPCERT","4890e597-c10c-4012-b367-594e6c449158","c805ff16-786e-4d4b-a42a-c92a2a036fe3"
"BP-VSN-2022-04-27-002938","APPL.IDENTITYPROOF.DRIVINGLICENSE","4384b5a8-b9b6-4504-9dd3-edd5bb23424c","2677d5ba-95e2-4014-b2f1-4d0c20febf62"
"BP-VSN-2022-04-27-002938","ADDL.POSSESSIONLETTER.POSSESSIONLETTER","68a54cc5-fab6-4c68-9b3f-4fb615e1dda0","b6da8197-c2b9-4a80-8d56-931e12e830d0"
"BP-VSN-2022-04-27-002938","BPD.SSTABCERT.SSTABCERT","5996c83c-2e4e-4467-acb0-eef4a108e5fb","0aed02ea-c2fb-4607-a6c3-dd406978cfd9"
"BP-VSN-2022-04-27-002938","BPD.3RDPARTYSTRUCCERT.3RDPARTYSTRUCCERT","47f44c25-9bf0-4138-a131-a5047e0424bd","56ae0a97-d1dc-4e35-a8ab-9b453382fdde"
"BP-VSN-2022-04-27-002938","APPL.OWNERIDPROOF.DRIVINGLICENSE","97644b96-b13d-4ab9-b3e9-570684640f0f","7cf156a1-b73e-4467-9387-4564e24f8572"
"BP-VSN-2022-04-27-002938","APPL.REVSITEPLAN.REVSITEPLAN","bf0024e0-4574-4ad0-a2fb-4bc4f80cfe35","629fc744-bac5-4a6f-ab84-ea4b8d544475"
"BP-VSN-2022-04-27-002938","APPL.LANDPOSSAFFI.LANDPOSSAFFI","5fb46a27-2917-4746-ba19-27b48f3b699e","fdd90efd-b99c-4790-9ec9-af5167c8489b"
